,0
0,https://www.amazon.in//GOVO-Gosurround-Bluetooth-SoundBar-Multicolor/dp/B0CCPCBW65/ref=zg_bs_g_1389365031_d_sccl_1/260-9443465-0628262?psc=1
1,https://www.amazon.in//JBL-Wireless-Portable-Bluetooth-Waterproof/dp/B08FB2H6Y4/ref=zg_bs_g_1389365031_d_sccl_2/260-9443465-0628262?psc=1
2,https://www.amazon.in//KRISONS-Cylender-Multi-Media-Bluetooth-Speaker/dp/B09RPC4J7K/ref=zg_bs_g_1389365031_d_sccl_3/260-9443465-0628262?psc=1
3,https://www.amazon.in//Zebronics-Zeb-County-Bluetooth-Speaker-Function/dp/B07YNVQJZY/ref=zg_bs_g_1389365031_d_sccl_4/260-9443465-0628262?psc=1
4,https://www.amazon.in//amazon-basics-Bluetooth-Playback-Connectivity/dp/B0D3V56TXW/ref=zg_bs_g_1389365031_d_sccl_5/260-9443465-0628262?psc=1
5,https://www.amazon.in//Mivi-Fort-Q120-subwoofers-Accessibility/dp/B0CPJ12FJV/ref=zg_bs_g_1389365031_d_sccl_6/260-9443465-0628262?psc=1
6,https://www.amazon.in//Mivi-Fort-H120-Soundbar-Subwoofer/dp/B0DMT42WXV/ref=zg_bs_g_1389365031_d_sccl_7/260-9443465-0628262?psc=1
7,https://www.amazon.in//boAt-Partypal-390-Signature-Bluetooth/dp/B0CJMF9Z56/ref=zg_bs_g_1389365031_d_sccl_8/260-9443465-0628262?psc=1
8,https://www.amazon.in//pTron-Launched-Fusion-Bluetooth-Multi-Play/dp/B0D771Y8WP/ref=zg_bs_g_1389365031_d_sccl_9/260-9443465-0628262?psc=1
9,https://www.amazon.in//JBL-Soundbar-Subwoofer-Bluetooth-Connectivity/dp/B0B6441RNK/ref=zg_bs_g_1389365031_d_sccl_10/260-9443465-0628262?psc=1
10,https://www.amazon.in//boAt-Stone-352-Resistance-Multi-Compatibility/dp/B0BYYZQNWZ/ref=zg_bs_g_1389365031_d_sccl_11/260-9443465-0628262?psc=1
11,https://www.amazon.in//ZEBRONICS-Zeb-Astra-20-Wireless-Rechargeable/dp/B0B12K5BPM/ref=zg_bs_g_1389365031_d_sccl_12/260-9443465-0628262?psc=1
12,https://www.amazon.in//pTron-Fusion-Bluetooth-Multi-Playback-Modes-BT5-1/dp/B0CTR3D1XV/ref=zg_bs_g_1389365031_d_sccl_13/260-9443465-0628262?psc=1
13,https://www.amazon.in//boAt-Partypal-185-Signature-Bluetooth/dp/B0CG5ZPX62/ref=zg_bs_g_1389365031_d_sccl_14/260-9443465-0628262?psc=1
14,https://www.amazon.in//Introducing-Echo-Pop-Smart-speaker-Purple/dp/B09ZXD1CX2/ref=zg_bs_g_1389365031_d_sccl_15/260-9443465-0628262?psc=1
15,https://www.amazon.in//boAt-Aavante-Bar-Azure-Pro/dp/B0DHDDF2LK/ref=zg_bs_g_1389365031_d_sccl_16/260-9443465-0628262?psc=1
16,https://www.amazon.in//Tribit-StormBox-Bluetooth-Surround-Waterproof/dp/B0CW9N3XF1/ref=zg_bs_g_1389365031_d_sccl_17/260-9443465-0628262?psc=1
17,https://www.amazon.in//ZEBRONICS-Portable-Supports-Bluetooth-Function/dp/B0CXTK7845/ref=zg_bs_g_1389365031_d_sccl_18/260-9443465-0628262?psc=1
18,https://www.amazon.in//ZEBRONICS-Jukebar-1000-Subwoofer-Bluetooth/dp/B0CD48PSMJ/ref=zg_bs_g_1389365031_d_sccl_19/260-9443465-0628262?psc=1
19,https://www.amazon.in//boAt-Bluetooth-Speaker-Playtime-Tropical/dp/B0CVQDJCYL/ref=zg_bs_g_1389365031_d_sccl_20/260-9443465-0628262?psc=1
20,https://www.amazon.in//GATE-Soundbar-Bluetooth-Radiators-Function/dp/B0DF5C8RNG/ref=zg_bs_g_1389365031_d_sccl_21/260-9443465-0628262?psc=1
21,https://www.amazon.in//Boult-Launched-Retroamp-Bluetooth-Playtime/dp/B0DM5FV2MK/ref=zg_bs_g_1389365031_d_sccl_22/260-9443465-0628262?psc=1
22,https://www.amazon.in//boAt-Bluetooth-Compatibility-Playback-Charging/dp/B0CG6LP1MS/ref=zg_bs_g_1389365031_d_sccl_23/260-9443465-0628262?psc=1
23,https://www.amazon.in//Sony-HT-S40R-Subwoofer-Connectivity-Connectitvity/dp/B0961X3R2H/ref=zg_bs_g_1389365031_d_sccl_24/260-9443465-0628262?psc=1
24,https://www.amazon.in//Introducing-Echo-Pop-Smart-speaker-black/dp/B09WWT8HFH/ref=zg_bs_g_1389365031_d_sccl_25/260-9443465-0628262?psc=1
25,https://www.amazon.in//CrossBeats-Bluetooth-SnapCharge-Multiport-Connectivity/dp/B0BTDB3JYN/ref=zg_bs_g_1389365031_d_sccl_26/260-9443465-0628262?psc=1
26,https://www.amazon.in//GOVO-GOSURROUND-subwoofer-Satellites-Bluetooth/dp/B0CF9NVXW5/ref=zg_bs_g_1389365031_d_sccl_27/260-9443465-0628262?psc=1
27,https://www.amazon.in//JBL-Waterproof-Bluetooth-Speaker-PartyBoost/dp/B07SVH63PX/ref=zg_bs_g_1389365031_d_sccl_28/260-9443465-0628262?psc=1
28,https://www.amazon.in//Wireless-Speaker-Charging-Bedside-Machine/dp/B0CLH74T2W/ref=zg_bs_g_1389365031_d_sccl_29/260-9443465-0628262?psc=1
29,https://www.amazon.in//ZEBRONICS-90-Portable-Wireless-Bluetooth/dp/B0C6QY4TTP/ref=zg_bs_g_1389365031_d_sccl_30/260-9443465-0628262?psc=1
30,https://www.amazon.in//boAt-Aavante-Bar-610-Connectivity/dp/B0BZ4DJ7GZ/ref=zg_bs_g_1389365031_d_sccl_1/258-6337177-1273930?psc=1
31,https://www.amazon.in//Portronics-SoundDrum-Portable-Bluetooth-Inbuilt-FM/dp/B097D69GJ1/ref=zg_bs_g_1389365031_d_sccl_2/258-6337177-1273930?psc=1
32,https://www.amazon.in//boAt-Bluetooth-Resistance-Playtime-Multi-Compatibility/dp/B0BYZ26QGB/ref=zg_bs_g_1389365031_d_sccl_3/258-6337177-1273930?psc=1
33,https://www.amazon.in//AmazonBasics-Bluetooth-Playtime-Technology-Connectivity/dp/B0BLNMXT67/ref=zg_bs_g_1389365031_d_sccl_4/258-6337177-1273930?psc=1
34,https://www.amazon.in//pTron-Fusion-Bluetooth-Playback-Portable/dp/B0D87CJ7WX/ref=zg_bs_g_1389365031_d_sccl_5/258-6337177-1273930?psc=1
35,https://www.amazon.in//Portronics-Wireless-Bluetooth-Portable-Playtime/dp/B0DNFV8YQB/ref=zg_bs_g_1389365031_d_sccl_6/258-6337177-1273930?psc=1
36,https://www.amazon.in//pTron-Launched-Fusion-Bluetooth-Multi-Play/dp/B0D76YBGP6/ref=zg_bs_g_1389365031_d_sccl_7/258-6337177-1273930?psc=1
37,https://www.amazon.in//Zebronics-Zeb-County-Bluetooth-Speaker-Function/dp/B07YNV41FT/ref=zg_bs_g_1389365031_d_sccl_8/258-6337177-1273930?psc=1
38,https://www.amazon.in//boAt-Stone-352-Pro-Bluetooth/dp/B0D6W7F7WH/ref=zg_bs_g_1389365031_d_sccl_9/258-6337177-1273930?psc=1
39,https://www.amazon.in//boAt-Aavante-Bar-Groove-Connectivity/dp/B0CBRPNWH1/ref=zg_bs_g_1389365031_d_sccl_10/258-6337177-1273930?psc=1
40,https://www.amazon.in//Bluetooth-Tribit-Upgraded-Portable-Waterproof/dp/B078S4P3J9/ref=zg_bs_g_1389365031_d_sccl_11/258-6337177-1273930?psc=1
41,https://www.amazon.in//Portronics-SoundDrum-Portable-Bluetooth-Handsfree/dp/B09V2W1PRB/ref=zg_bs_g_1389365031_d_sccl_12/258-6337177-1273930?psc=1
42,https://www.amazon.in//boAt-Stone-580-Bluetooth-Multi-Compatibility/dp/B0CC5VH2LW/ref=zg_bs_g_1389365031_d_sccl_13/258-6337177-1273930?psc=1
43,https://www.amazon.in//Echo-Dot-5th-Gen-Alexa-smart-speaker/dp/B09B8XJDW5/ref=zg_bs_g_1389365031_d_sccl_14/258-6337177-1273930?psc=1
44,https://www.amazon.in//boAt-Aavante-Bar-490-Full-Range/dp/B0CH3G9VR2/ref=zg_bs_g_1389365031_d_sccl_15/258-6337177-1273930?psc=1
45,https://www.amazon.in//ZEBRONICS-BAR-1500-Rechargeable-Bluetooth/dp/B0C77G1HV8/ref=zg_bs_g_1389365031_d_sccl_16/258-6337177-1273930?psc=1
46,https://www.amazon.in//pTron-Launched-Fusion-Bluetooth-Multi-Play/dp/B0D7725FG2/ref=zg_bs_g_1389365031_d_sccl_17/258-6337177-1273930?psc=1
47,https://www.amazon.in//All-New-release-smart-speaker-Black/dp/B09B917Z8D/ref=zg_bs_g_1389365031_d_sccl_18/258-6337177-1273930?psc=1
48,https://www.amazon.in//JBL-Wireless-Portable-Bluetooth-Waterproof/dp/B08FB396L1/ref=zg_bs_g_1389365031_d_sccl_19/258-6337177-1273930?psc=1
49,https://www.amazon.in//boAt-Aavante-Orion-Plus-Multi-Compatibility/dp/B0CZ3L7SSG/ref=zg_bs_g_1389365031_d_sccl_20/258-6337177-1273930?psc=1
50,https://www.amazon.in//Mivi-Bluetooth-Playtime-Exceptional-Mic-Black/dp/B094RCC4L1/ref=zg_bs_g_1389365031_d_sccl_21/258-6337177-1273930?psc=1
51,https://www.amazon.in//All-New-release-speaker-Detection-Temperature/dp/B09B8M1M51/ref=zg_bs_g_1389365031_d_sccl_22/258-6337177-1273930?psc=1
52,https://www.amazon.in//Mini-Electroplating-Controlled-Multicolor-Boost/dp/B0DJK5MMGQ/ref=zg_bs_g_1389365031_d_sccl_23/258-6337177-1273930?psc=1
53,https://www.amazon.in//boAt-Bluetooth-Speaker-Playtime-Midnight/dp/B0CVQ75VM2/ref=zg_bs_g_1389365031_d_sccl_24/258-6337177-1273930?psc=1
54,https://www.amazon.in//Sony-HT-S20R-Soundbar-Bluetooth-Connectivity/dp/B084685MT1/ref=zg_bs_g_1389365031_d_sccl_25/258-6337177-1273930?psc=1
55,https://www.amazon.in//boAt-Stone-193-Pro-Signature/dp/B0DH8CDH9J/ref=zg_bs_g_1389365031_d_sccl_26/258-6337177-1273930?psc=1
56,https://www.amazon.in//Tribit-Bluetooth-Wireless-Bass-enhanced-Waterproof/dp/B0CT5F1SW4/ref=zg_bs_g_1389365031_d_sccl_27/258-6337177-1273930?psc=1
57,https://www.amazon.in//boAt-Stone-352-Pro-Signature/dp/B0D6W671R4/ref=zg_bs_g_1389365031_d_sccl_28/258-6337177-1273930?psc=1
58,https://www.amazon.in//Zebronics-Zeb-County-Bluetooth-Speaker-Function/dp/B07YNTJ8ZM/ref=zg_bs_g_1389365031_d_sccl_29/258-6337177-1273930?psc=1
59,https://www.amazon.in//AmazonBasics-Bluetooth-Playtime-Technology-Connectivity/dp/B0BLNKMBDS/ref=zg_bs_g_1389365031_d_sccl_30/258-6337177-1273930?psc=1
